出表日期,資料年月,公司代號,公司名稱,產業別,營業收入-當月營收,營業收入-上月營收,營業收入-去年當月營收,營業收入-上月比較增減(%),營業收入-去年同月增減(%),累計營業收入-當月累計營收,累計營業收入-去年累計營收,累計營業收入-前期比較增減(%),備註
"114/09/07","114/8","1213","大飲","食品工業","34176","23287","25897","46.759994846910296","31.96895393288798","192655","120710","59.601524314472705","113年8月因產能不足,恢復產能後及積極推展業務,致使114年8月營收成長"
"114/09/07","114/8","1256","鮮活果汁-KY","食品工業","516828","507659","419072","1.8061336448285168","23.326779169211974","2819676","2937239","-4.002500307261343","-"
"114/09/07","114/8","1304","台聚","塑膠工業","3376784","3514742","4233703","-3.925124518385702","-20.240413652067705","30613143","34249355","-10.616877310536212","-"
"114/09/07","114/8","1305","華夏","塑膠工業","768703","752645","643628","2.1335423738947314","19.43280901390244","6641394","7621400","-12.8586086545779","-"
"114/09/07","114/8","1308","亞聚","塑膠工業","459866","465643","469189","-1.2406500258781943","-1.9870457321036938","3800931","4095422","-7.1907363880938275","-"
"114/09/07","114/8","1309","台達化","塑膠工業","1079037","1154534","1885923","-6.539175113075925","-42.78467360544413","10315570","12240776","-15.727810066943468","-"
"114/09/07","114/8","1414","東和","紡織纖維","33531","35243","39468","-4.857702238742445","-15.042566129522651","328554","367545","-10.608496918744644","-"
"114/09/07","114/8","1435","中福","其他","499","498","991","0.20080321285140562","-49.64682139253279","3988","7689","-48.133697489920664","-"
"114/09/07","114/8","1436","華友聯","建材營造","449276","1472403","1338989","-69.4868864027036","-66.44662502828626","3575147","4601319","-22.30169218869633","本月營收較去年同期減少，係本月交屋數量較去年同期減少所致。"
"114/09/07","114/8","1437","勤益控","其他","69292","163031","67733","-57.497653820439055","2.30168455553423","622047","571925","8.763736503912225","-"
"114/09/07","114/8","1452","宏益","紡織纖維","105811","120814","151258","-12.418262784114424","-30.046014095122242","925674","1088514","-14.959844338244617","-"
"114/09/07","114/8","1454","台富","紡織纖維","118323","126758","148457","-6.654412344782973","-20.29813346625622","1062282","1094025","-2.9014876259683278","-"
"114/09/07","114/8","1459","聯發","紡織纖維","90191","90428","90111","-0.2620869642146238","0.08877939430258237","796284","862283","-7.653983668934677","-"
"114/09/07","114/8","1464","得力","紡織纖維","984416","931432","1123341","5.688445318606189","-12.367126277773178","8203007","7348275","11.63173670010989","-"
"114/09/07","114/8","1477","聚陽","紡織纖維","3745640","2780854","4110109","34.693874615495815","-8.867623705356719","24139451","23475722","2.827299624693119","-"
"114/09/07","114/8","1513","中興電","電機機械","2297365","2321409","2195732","-1.0357502706330508","4.628661421339216","18170852","16553742","9.768848638573683","-"
"114/09/07","114/8","1524","耿鼎","汽車工業","219798","203569","258060","7.972235458247572","-14.826784468728203","1710567","1842257","-7.148296898858303","-"
"114/09/07","114/8","1535","中宇","電機機械","981507","1073688","812401","-8.58545499251179","20.81558245250806","7594648","6895430","10.140310321473788","-"
"114/09/07","114/8","1538","正峰","電機機械","9771","13820","10850","-29.29811866859624","-9.944700460829493","84493","67528","25.12291197725388","-"
"114/09/07","114/8","1541","錩泰","電機機械","338514","337344","265602","0.3468269778030734","27.451600515056363","2619095","2033242","28.81373687932868","-"
"114/09/07","114/8","1560","中砂","電機機械","689622","700303","586261","-1.525196950462871","17.630543392789217","5280144","4547763","16.104203319302258","-"
"114/09/07","114/8","1590","亞德客-KY","電機機械","2586808","2649095","2442223","-2.3512558062281648","5.920221044515591","22284795","20541784","8.485197780290164","本月營業收入換算匯率為4.2061714;本年累計營業收入換算匯率為4.3192610。"
"114/09/07","114/8","1605","華新","電器電纜","12550005","14274827","14164800","-12.082962546586378","-11.400055066079295","117996140","118100886","-0.08869196798405052","-"
"114/09/07","114/8","1608","華榮","電器電纜","1001210","888754","987386","12.653220126154144","1.400060361398683","7690437","7751159","-0.7833925223311765","-"
"114/09/07","114/8","1611","中電","電器電纜","81138","90240","104273","-10.086436170212766","-22.186951559847707","734582","777582","-5.529963399358524","-"
"114/09/07","114/8","1612","宏泰","電器電纜","572267","695123","504488","-17.67399438660496","13.435205594583023","5294168","4347315","21.78017926007202","-"
"114/09/07","114/8","1614","三洋電","電器電纜","418037","474252","493835","-11.853402832249522","-15.348851336985025","3778684","3948441","-4.299342449336333","-"
"114/09/07","114/8","1615","大山","電器電纜","387202","443485","664055","-12.691071851359121","-41.69127557205352","3695044","3923059","-5.812173612479445","-"
"114/09/07","114/8","1708","東鹼","化學工業","511272","513249","553054","-0.38519315186196174","-7.554777652815096","3991743","4120351","-3.1212874825469967","-"
"114/09/07","114/8","1713","國化","化學工業","42410","35405","35819","19.785341053523513","18.400848711577655","288603","342940","-15.84446258820785","-"
"114/09/07","114/8","1721","三晃","化學工業","124531","176838","186050","-29.57904975175019","-33.065842515452836","1191411","1564844","-23.863912313304073","-"
"114/09/07","114/8","1731","美吾華","生技醫療業","112956","129567","117280","-12.820394081826391","-3.6869031377899044","1039512","993732","4.606875898129475","-"
"114/09/07","114/8","1773","勝一","化學工業","957512","1000755","1053025","-4.321037616599467","-9.070344958571734","7561377","7201196","5.001683053759403","-"
"114/09/07","114/8","1783","和康生","生技醫療業","70258","65481","54937","7.29524594920664","27.888308426015254","521741","411967","26.64630904902577","-"
"114/09/07","114/8","1906","寶隆","造紙工業","286404","167121","218130","71.37523111996697","31.29968367487278","2052829","2233546","-8.09103551034991","-"
"114/09/07","114/8","1909","榮成","造紙工業","3731723","3594033","3893113","3.831072224434222","-4.145525701411698","28789488","31106486","-7.448600912362779","-"
"114/09/07","114/8","2006","東和鋼鐵","鋼鐵工業","4546819","4563042","5290398","-0.3555303676801572","-14.055256334211528","39401505","40683462","-3.151051894256197","-"
"114/09/07","114/8","2009","第一銅","鋼鐵工業","260159","284879","279409","-8.677368286184661","-6.889541854414138","1946820","2079831","-6.395279231822201","-"
"114/09/07","114/8","2015","豐興","鋼鐵工業","2102928","2344608","2749966","-10.307906481595218","-23.528945448780092","20259957","23048260","-12.09767244902652","-"
"114/09/07","114/8","2032","新鋼","鋼鐵工業","283315","261187","261872","8.47209087741733","8.188351561068004","2065427","1899792","8.718586034681692","-"
"114/09/07","114/8","2049","上銀","電機機械","1903026","2002143","2041260","-4.950545490506922","-6.771993768554716","15669440","15851745","-1.1500626587167533","-"
"114/09/07","114/8","2059","川湖","電子零組件業","1454984","1406573","868862","3.441769463796049","67.45858375668404","11044490","6209156","77.87425537383825","新產品開始出貨，導致年對年營收增幅較大。"
"114/09/07","114/8","2062","橋椿","居家生活","504081","526801","651276","-4.312824007547442","-22.60101708031618","4072247","5270146","-22.72990160044902","-"
"114/09/07","114/8","2069","運錩","鋼鐵工業","746227","828813","1020667","-9.964370732601926","-26.88829951394529","6902005","7234519","-4.5962143440358645","-"
"114/09/07","114/8","2101","南港","橡膠工業","688190","846451","866206","-18.697006678472825","-20.551231462261864","6053507","6129456","-1.2390822285044545","本公告係屬自結數，如與公告財報有所差異，請以財報為準。"
"114/09/07","114/8","2102","泰豐","橡膠工業","17448","21641","24115","-19.375259923293747","-27.646692929711797","176885","155562","13.707074992607449","-"
"114/09/07","114/8","2103","台橡","橡膠工業","2829978","2748063","3195688","2.9808268587728883","-11.443858098788118","25083299","24209673","3.608582404231565","-"
"114/09/07","114/8","2108","南帝","橡膠工業","737702","774450","1014910","-4.745044870553296","-27.313554896493287","6409827","7265283","-11.774572305029274","-"
"114/09/07","114/8","2115","六暉-KY","汽車工業","216483","246878","259827","-12.311749123048632","-16.681869089817454","2016675","2064969","-2.3387276031746724","-"
"114/09/07","114/8","2231","為升","汽車工業","300150","286576","394936","4.736614371056892","-24.00034435959244","2292601","2767075","-17.147131899207647","-"
"114/09/07","114/8","2241","艾姆勒","汽車工業","59161","56352","62929","4.984738784781374","-5.98770042428769","436102","469659","-7.144971138634626","-"
"114/09/07","114/8","2254","巨鎧精密-創","汽車工業","49400","30229","70802","63.419233186675044","-30.227959662156437","398609","461728","-13.670169450412365","-"
"114/09/07","114/8","2258","鴻華先進-創","汽車工業","110617","280160","739406","-60.51649057681325","-85.03974812214129","3330761","6177691","-46.084046612237486","本月電動巴士及乘用車交車數量較去年本月下滑。"
"114/09/07","114/8","2303","聯電","半導體業","19159816","20040049","20645494","-4.392369499695335","-7.196136842257202","155816479","152973760","1.8583049798867466","-"
"114/09/07","114/8","2313","華通","電子零組件業","6561566","5995419","7004922","9.442993058533524","-6.329206806299913","47487357","46168501","2.8566142964009162","-"
"114/09/07","114/8","2317","鴻海","其他電子業","606512275","613864601","548311941","-1.1977113500310796","10.614456780542739","4659897316","3994605433","16.654758377484036","-"
"114/09/07","114/8","2329","華泰","半導體業","1687855","1758002","1339230","-3.990154732474707","26.031749587449504","12787221","10821048","18.169894450149375","-"
"114/09/07","114/8","2344","華邦電","半導體業","7012528","6837785","6997545","2.5555497869558637","0.2141179513672295","54860887","55686282","-1.482223216123497","-"
"114/09/07","114/8","2345","智邦","通信網路業","25637808","22990663","9416897","11.51400027045762","172.25324860195454","151983830","61405652","147.50788412766954","客戶需求增加"
"114/09/07","114/8","2348","海悅","其他","222520","191985","646631","15.904888402739797","-65.58779272877422","3664986","5203748","-29.570263586937724","本月增減百分比達50％以上，係因市場環境影響。"
"114/09/07","114/8","2352","佳世達","電腦及週邊設備業","16824730","17472607","16839310","-3.7079584059779975","-0.0865831200922128","137507787","129902484","5.854624766066829","-"
"114/09/07","114/8","2354","鴻準","其他電子業","13803533","15584906","6783743","-11.430117063266215","103.47959821001474","100610197","36951225","172.27838048670918","配合客戶策略需求，訂單增加。"
"114/09/07","114/8","2360","致茂","其他電子業","2197611","1974233","2072772","11.314672584239045","6.022804244750508","17492290","13795636","26.795821519210858","-"
"114/09/07","114/8","2365","昆盈","電腦及週邊設備業","81762","91239","99872","-10.387005556834248","-18.1332105094521","640072","676342","-5.3626715478263955","-"
"114/09/07","114/8","2374","佳能","光電業","974730","706647","574025","37.937329387940515","69.80619311005618","5507553","3931477","40.08864861730083","配合客戶，調整市場出貨需求，故今年八月營收增加。"
"114/09/07","114/8","2380","虹光","電腦及週邊設備業","219515","225816","158700","-2.790324866262798","38.320730938878384","1788096","1718506","4.049447601579511","-"
"114/09/07","114/8","2383","台光電","電子零組件業","8764793","8372495","5741209","4.685556694868136","52.66458684921591","61325050","39874018","53.79701639298051","受惠於AI伺服器成長力道"
"114/09/07","114/8","2385","群光","電子零組件業","8482907","8041213","9687161","5.492877753642392","-12.43144405259704","64299679","65587783","-1.9639389244182868","-"
"114/09/07","114/8","2393","億光","光電業","1632439","1681086","1924804","-2.8937841371589554","-15.189338758647633","13391696","14265670","-6.126413971443332","-"
"114/09/07","114/8","2395","研華","電腦及週邊設備業","5556475","6009344","4967440","-7.536080477336628","11.857918767010775","46752861","38521725","21.367516641583418","-"
"114/09/07","114/8","2397","友通","電腦及週邊設備業","884124","884243","924943","-0.01345783907817195","-4.413136809511505","7267591","5718033","27.099493829434003","-"
"114/09/07","114/8","2402","毅嘉","電子零組件業","956315","940752","892629","1.654314845995544","7.134655047057624","7136169","6143021","16.167094333553475","-"
"114/09/07","114/8","2408","南亞科","半導體業","6762501","5352227","2802250","26.34929348101267","141.32397180836827","29828762","24971646","19.450524006306992","受市場需求復甦影響。"
"114/09/07","114/8","2415","錩新","電子零組件業","232221","204697","206609","13.446215626022854","12.396362210745902","1559346","1592244","-2.0661406166391583","-"
"114/09/07","114/8","2417","圓剛","電腦及週邊設備業","296121","273356","294575","8.32796792461113","0.524823898837308","2224685","2261077","-1.6094984823603973","-"
"114/09/07","114/8","2419","仲琦","通信網路業","581922","691344","555635","-15.827431785044782","4.730983469363881","5561747","5729113","-2.9213248193917627","-"
"114/09/07","114/8","2432","倚天酷碁-創","電腦及週邊設備業","246283","261441","209105","-5.7978664402293445","17.779584419310872","1979344","1586748","24.742177081679007","-"
"114/09/07","114/8","2436","偉詮電","半導體業","324584","282385","275375","14.943782424703862","17.869813890149796","2330981","1967889","18.45083742020002","-"
"114/09/07","114/8","2439","美律","通信網路業","4413573","3658294","4503841","20.645661611669265","-2.004244821253681","27206670","26954262","0.9364307581487484","-"
"114/09/07","114/8","2441","超豐","半導體業","1438952","1410562","1316086","2.0126729629750413","9.33571210392026","11067014","10073161","9.866346820029978","-"
"114/09/07","114/8","2455","全新","通信網路業","275126","290875","273961","-5.414353244520842","0.4252430090414329","2073751","2249449","-7.810712756768435","-"
"114/09/07","114/8","2458","義隆","半導體業","1170557","1011978","1188899","15.670202316651153","-1.5427719259583867","8333137","8545164","-2.4812513838236456","-"
"114/09/07","114/8","2482","連宇","其他電子業","41998","52308","53067","-19.7101781754225","-20.858537320745473","347372","407205","-14.693581856804313","-"
"114/09/07","114/8","2483","百容","電子零組件業","139747","146629","142647","-4.693478097784204","-2.0329905290682593","1176995","1200544","-1.9615274408934615","-"
"114/09/07","114/8","2486","一詮","光電業","532145","519097","487452","2.5135957248837886","9.168697635869789","4000096","3475005","15.110510632358803","-"
"114/09/07","114/8","2489","瑞軒","光電業","2205299","2034613","2622042","8.38911380198593","-15.893833889769882","15944218","15191912","4.952016573029122","-"
"114/09/07","114/8","2497","怡利電","汽車工業","408837","458324","489824","-10.79738351035512","-16.533897889854316","2996636","2875883","4.198814764022041","-"
"114/09/07","114/8","2498","宏達電","通信網路業","266660","147448","203561","80.85019803591774","30.997587946610597","1817432","1797569","1.1049923535619495","-"
"114/09/07","114/8","2511","太子","建材營造","582312","785216","613333","-25.840533050778383","-5.057774487920917","5197800","5227035","-0.5593036970290041","-"
"114/09/07","114/8","2524","京城","建材營造","98958","150833","383975","-34.39234119854409","-74.228009636044","3019366","2904349","3.9601645669993517","因銷售狀況比較去年同期減少，致使本月營收年成長率為負值。"
"114/09/07","114/8","2528","皇普","建材營造","1854963","2045022","381","-9.293738649266365","486766.92913385824","9181797","1553","591129.6844816484","主係114年8月認列皇普摩天100案589,199仟元、皇普莊園案1,191,014仟元、皇普園首之道案46,857仟元及皇普雲鼎案27,893仟元所致。"
"114/09/07","114/8","2538","基泰","建材營造","19376","19184","143178","1.0008340283569641","-86.46719468074704","182278","834536","-78.15816214039897","本月營收較去年同期減少(含本年減少)，係因本月無建案交屋認列所致。"
"114/09/07","114/8","2540","愛山林","建材營造","765532","1020778","868070","-25.00504517142807","-11.812181045307407","8489203","6509141","30.419712831539524","-"
"114/09/07","114/8","2548","華固","建材營造","265090","832015","1995647","-68.13879557459902","-86.71658865520806","3125109","6792314","-53.9905104504886","本公司截至8月累計營收較去年同期減少，係因本期認列交屋金額較低所致。"
"114/09/07","114/8","2603","長榮","航運業","32956841","33605171","53758648","-1.9292566611251585","-38.69481055401542","263016570","303122641","-13.230971750473763","-"
"114/09/07","114/8","2630","亞航","航運業","395211","478525","466353","-17.4105846089546","-15.254967803359257","3517244","3403473","3.3427913193376297","-"
"114/09/07","114/8","2633","台灣高鐵","航運業","4751344","4386143","4549657","8.326244721159343","4.433015499849769","35872012","35293589","1.6388897145031072","-"
"114/09/07","114/8","2637","慧洋-KY","航運業","1491654","1342853","1861538","11.080959717854448","-19.869806579290888","10178685","13938071","-26.972068086035723","-"
"114/09/07","114/8","2702","華園","觀光餐旅","116162","121096","119772","-4.074453326286583","-3.014060047423438","938497","964793","-2.7255587467985363","-"
"114/09/07","114/8","2706","第一店","觀光餐旅","50124","28264","29027","77.34220209453721","72.68060771006304","253949","236580","7.341702595316595","租金收入增加所致"
"114/09/07","114/8","2809","京城銀","金融保險業","849222","849024","495723","0.02332089552238806","71.3097838914071","6017525","6383277","-5.72984691092052","單月營收增加，係去年同期股票處分損失金額較高。"
"114/09/07","114/8","2852","第一保","金融保險業","644361","634037","633606","1.6282961404460623","1.6974271076978438","5035742","5276686","-4.566199315252035","-"
"114/09/07","114/8","2880","華南金","金融保險業","6335474","7449185","5563904","-14.950776494341328","13.867421148891138","46150239","45676273","1.0376634713607216","-"
"114/09/07","114/8","2886","兆豐金","金融保險業","6893028","8493625","6777581","-18.844686456018483","1.7033658469002435","54906917","58779239","-6.587907679444438","-"
"114/09/07","114/8","2890","永豐金","金融保險業","6723944","6579115","5499468","2.2013447097367957","22.265353666936512","48949045","44732014","9.427322007008225","-"
"114/09/07","114/8","3004","豐達科","鋼鐵工業","324270","322989","278993","0.3966079340163287","16.2287225844376","2570533","2285515","12.470624782598232","-"
"114/09/07","114/8","3006","晶豪科","半導體業","1120861","1147877","1146843","-2.3535622719158935","-2.2655237028956883","8460101","9095531","-6.986178157163117","-"
"114/09/07","114/8","3008","大立光","光電業","5968004","5413207","7006490","10.248952238478964","-14.821772385317042","37663200","34723569","8.465808914976453","-"
"114/09/07","114/8","3010","華立","電子通路業","6459506","6497044","7307818","-0.5777704445283116","-11.608280337578194","51781683","53001464","-2.3014100138818807","-"
"114/09/07","114/8","3016","嘉晶","半導體業","321129","318333","352334","0.8783255270424367","-8.856653062151254","2491121","2781662","-10.444870728363115","-"
"114/09/07","114/8","3017","奇鋐","電腦及週邊設備業","12622156","11811435","6582321","6.8638653982348465","91.75843900654496","77361051","44505945","73.82183661081683","因客戶需求增加,使營收成長"
"114/09/07","114/8","3019","亞光","光電業","2466783","2149057","2417407","14.784438011648831","2.042519112420871","16932423","14545039","16.413733919860924","-"
"114/09/07","114/8","3023","信邦","電子零組件業","2476462","2455710","2811520","0.8450509221365715","-11.917325859321648","20920090","22019758","-4.994005837847991","-"
"114/09/07","114/8","3025","星通","通信網路業","34751","31358","77764","10.82020537024045","-55.31222673730775","245034","395379","-38.02554005144431","全球產業景氣不確定的影響故本期營收較去年減少"
"114/09/07","114/8","3026","禾伸堂","電子零組件業","1080751","1095188","1096143","-1.3182211638549728","-1.4041963502937116","8854057","8481964","4.386873134571191","-"
"114/09/07","114/8","3030","德律","其他電子業","756253","747841","529815","1.124838033753164","42.73906929777375","5822450","4305655","35.22797344422626","-"
"114/09/07","114/8","3034","聯詠","半導體業","8174953","8120418","9680155","0.6715787290752767","-15.549358455520599","69567636","68607020","1.4001715859397479","-"
"114/09/07","114/8","3035","智原","半導體業","911390","965824","979666","-5.636016499900603","-6.969314031516864","13826648","7169157","92.86295445894126","因量產累計營收增加"
"114/09/07","114/8","3042","晶技","電子零組件業","1145692","1111018","1204936","3.120921533224484","-4.916775662773791","8789700","8044716","9.26053822161031","-"
"114/09/07","114/8","3046","建碁","電腦及週邊設備業","622360","627053","802890","-0.7484215847783202","-22.485022854936542","4816707","5207933","-7.512116611331213","-"
"114/09/07","114/8","3048","益登","電子通路業","9011050","8891282","10007928","1.3470273465626217","-9.960883011948127","73604931","68706555","7.129415817748394","-"
"114/09/07","114/8","3051","力特","光電業","140793","149345","162030","-5.726338344102581","-13.10683206813553","1208971","1134235","6.589110722204834","-"
"114/09/07","114/8","3090","日電貿","電子零組件業","1381595","1257487","1124896","9.869525490124351","22.819798452479162","10501042","7924603","32.511899965209615","-"
"114/09/07","114/8","3094","聯傑","半導體業","15896","16526","11549","-3.8121747549316227","37.63962247813664","131026","108000","21.32037037037037","-"
"114/09/07","114/8","3167","大量","電機機械","482247","453557","226345","6.325555553105784","113.05838432481389","3050087","1333926","128.6548879023274","主係因客戶需求量增加所致"
"114/09/07","114/8","3168","眾福科","光電業","275088","262679","287825","4.72401676571024","-4.42525840354382","2241434","2297302","-2.431896198236018","-"
"114/09/07","114/8","3189","景碩","半導體業","3421382","3348367","2858462","2.180615207353316","19.693107692178522","24953219","19845449","25.737739670188365","-"
"114/09/07","114/8","3321","同泰","電子零組件業","200133","201654","175658","-0.754262251182719","13.933324983775291","1408343","1311096","7.4172295545101194","-"
"114/09/07","114/8","3380","明泰","通信網路業","1787191","1781219","1505533","0.3352760104175848","18.708191716820554","13786578","13906072","-0.859293695588517","-"
"114/09/07","114/8","3406","玉晶光","光電業","2699823","2383597","2640943","13.266756083347982","2.22950665728113","15174051","15140598","0.22094900082546276","-"
"114/09/07","114/8","3443","創意","半導體業","2767549","2232812","1944750","23.949038253108636","42.3087286283584","18128582","17258035","5.0442996552040835","-"
"114/09/07","114/8","3447","展達","通信網路業","417379","308621","259414","35.23998690951037","60.89301271326914","2198518","1380637","59.239394569318364","本月及本年累計營收增加,主係客戶需求增加所致。"
"114/09/07","114/8","3530","晶相光","半導體業","156091","130164","185148","19.918717925079132","-15.693931341413355","1091454","1135139","-3.8484273732115626","-"
"114/09/07","114/8","3550","聯穎","電子零組件業","278938","298234","278129","-6.4700872469269095","0.2908722211635608","2318777","2192796","5.74522208176228","-"
"114/09/07","114/8","3563","牧德","光電業","266188","272791","106532","-2.4205344017947805","149.8667067172305","2300717","796964","188.68518527813052","主係訂單增加，致本期營收較去年同期成長。"
"114/09/07","114/8","3591","艾笛森","光電業","188165","209679","226249","-10.260445728947582","-16.832781581355057","1584870","1651831","-4.053743996813234","-"
"114/09/07","114/8","3653","健策","電子零組件業","1689803","1682644","1202840","0.4254613572449074","40.48443683282897","13306153","8654050","53.75636840554422","因客戶端需求成長，致本年較去年增加百分比達50%以上。"
"114/09/07","114/8","3665","貿聯-KY","其他電子業","5774218","6034282","4558801","-4.309775380070073","26.660891756407004","44735332","35025279","27.72298544716803","-"
"114/09/07","114/8","3669","圓展","通信網路業","233181","199964","243420","16.611490068212277","-4.2063100813408925","1675843","1833142","-8.580840982313427","-"
"114/09/07","114/8","3714","富采","光電業","1901002","1911669","2360264","-0.557994087888646","-19.458077570983583","15184765","16841989","-9.839835425613922","-"
"114/09/07","114/8","4108","懷特","生技醫療業","10072","12398","10474","-18.761090498467496","-3.8380752339125452","84041","100845","-16.66319599385195","-"
"114/09/07","114/8","4440","宜新實業","紡織纖維","84671","95692","96189","-11.517159219161476","-11.974342180498809","644272","732757","-12.075626708444956","-"
"114/09/07","114/8","4555","氣立","電機機械","133267","136714","128041","-2.5213218836403004","4.08150514288392","1067879","975804","9.435808830461855","-"
"114/09/07","114/8","4576","大銀微系統","電機機械","215558","229160","207169","-5.935590853552103","4.049351012941125","1714547","1417805","20.92967650699497","-"
"114/09/07","114/8","4722","國精化","化學工業","330643","347993","397247","-4.985732471630176","-16.766394711602604","2568499","2756418","-6.817507359188628","-"
"114/09/07","114/8","4746","台耀","生技醫療業","366429","376439","338086","-2.659129367573498","8.38336991179759","3129417","3014266","3.8202003406467777","-"
"114/09/07","114/8","4755","三福化","化學工業","401193","361153","454210","11.086713941182822","-11.672354197397679","3173127","3217318","-1.373535348386451","-"
"114/09/07","114/8","4763","材料*-KY","化學工業","860662","801747","1466900","7.348328088536658","-41.32783420819415","9676143","9678879","-0.02826773637732221","-"
"114/09/07","114/8","4771","望隼","生技醫療業","256040","281664","250319","-9.097364235401045","2.285483722769746","2220600","1981240","12.081322807938463","-"
"114/09/07","114/8","4915","致伸","電子零組件業","5089496","5356966","5622020","-4.992938166865349","-9.472111447486846","39806358","39657880","0.3743972194176794","-"
"114/09/07","114/8","4916","事欣科","電腦及週邊設備業","302403","227370","328655","33.00039583058451","-7.9877074744032495","2167593","2497434","-13.207195865836695","-"
"114/09/07","114/8","4919","新唐","半導體業","2253395","2377791","2619553","-5.231578385148232","-13.977880959079659","20811278","21944608","-5.164503280259096","-"
"114/09/07","114/8","4927","泰鼎-KY","電子零組件業","1017477","1007178","1100954","1.0225600638616015","-7.582242309851274","8047647","8391069","-4.092708569075048","8月份自結數"
"114/09/07","114/8","4935","茂林-KY","光電業","490792","475365","700887","3.245295720130847","-29.97558807625195","3797431","4591509","-17.29448858752101","-"
"114/09/07","114/8","4956","光鋐","光電業","126393","119271","110387","5.971275498654325","14.499895821065886","905852","841383","7.66226557940914","-"
"114/09/07","114/8","4958","臻鼎-KY","電子零組件業","14651388","13352388","17813950","9.728596862224196","-17.753288855082673","106289124","96193836","10.494734818559476","-"
"114/09/07","114/8","4961","天鈺","半導體業","1405234","1480137","1801573","-5.06054507116571","-21.99960812023715","12623018","12270330","2.8743155237063713","-"
"114/09/07","114/8","4968","立積","半導體業","330417","325315","300012","1.5683260839494029","10.13459461621535","2479563","2472829","0.27231967920143285","-"
"114/09/07","114/8","4994","傳奇","資訊服務業","96294","125659","117332","-23.36879968804463","-17.93031738997034","810566","1089639","-25.611509867029355","-"
"114/09/07","114/8","5203","訊連","資訊服務業","214640","208002","163911","3.1913154681204987","30.94911262819457","1593124","1359085","17.220335740590176","-"
"114/09/07","114/8","5222","全訊","半導體業","43457","80348","118471","-45.914023995619054","-63.31844924074246","602753","869239","-30.657391120278774","本公司之主要產品須通過國防部之軍品認證，認證完成後才能取得相關訂單。目前已陸續進行軍品認證，認證通過後將陸續取得訂單。"
"114/09/07","114/8","5225","東科-KY","其他電子業","1299645","1008803","1344619","28.830405936540632","-3.344739290460718","7544941","8310823","-9.215477215674067","-"
"114/09/07","114/8","5234","達興材料","光電業","382205","401216","351288","-4.7383454298931245","8.801040741499852","3040560","2693995","12.864352012531574","-"
"114/09/07","114/8","5244","弘凱","光電業","71283","68286","78320","4.388893770318953","-8.984933605720123","531641","547847","-2.95812516998359","-"
"114/09/07","114/8","5284","jpp-KY","其他","320223","311028","208511","2.956325475519889","53.57607032722494","2290880","1480669","54.719251905726395","機櫃、電源櫃及伺服器訂單增長所致"
"114/09/07","114/8","5388","中磊","通信網路業","4856190","5274004","4131359","-7.922140370011096","17.544614254050543","33699513","39148368","-13.918472923315731","-"
"114/09/07","114/8","5471","松翰","半導體業","225973","229243","235529","-1.426433958725021","-4.057249850336901","1783062","1806420","-1.2930547713156408","-"
"114/09/07","114/8","5538","東明-KY","鋼鐵工業","1055152","1041016","1124095","1.3579042012802878","-6.133200485724071","8290857","8012502","3.4740084932272093","-"
"114/09/07","114/8","6024","群益期","金融保險業","204090","226934","303047","-10.066362907277005","-32.654010764006905","2013270","1788580","12.562479732525244","-"
"114/09/07","114/8","6112","邁達特","資訊服務業","1792948","1915917","1449966","-6.41828429937205","23.654485691388626","14298560","12077180","18.393201061837285","-"
"114/09/07","114/8","6115","鎰勝","電子零組件業","661435","666164","645089","-0.7098852534811247","2.5339139250553027","4915308","4931230","-0.32288090395296914","-"
"114/09/07","114/8","6155","鈞寶","電子零組件業","50006","52636","56544","-4.9965802872558704","-11.562676853423882","414628","369247","12.290147245610662","-"
"114/09/07","114/8","6164","華興","光電業","62939","42092","56179","49.527226076214006","12.032966054931558","527693","574322","-8.118964622633296","-"
"114/09/07","114/8","6166","凌華","電腦及週邊設備業","1033987","1032558","761783","0.13839416284605804","35.732485497838624","7668370","6185544","23.972442844154045","-"
"114/09/07","114/8","6196","帆宣","其他電子業","3926133","3733987","5418506","5.145866870988035","-27.542149072087398","33117857","40343171","-17.909633330508402","-"
"114/09/07","114/8","6197","佳必琪","電子零組件業","672058","724021","648523","-7.177001772048048","3.6290154705384388","5024182","4521506","11.117446266796948","-"
"114/09/07","114/8","6205","詮欣","電子零組件業","96059","114940","96364","-16.426831390290587","-0.3165082395915487","952501","965639","-1.360549853516687","-"
"114/09/07","114/8","6213","聯茂","電子零組件業","2548408","2412223","2487284","5.645622316013072","2.4574596226245173","21417841","18964151","12.938570252894527","-"
"114/09/07","114/8","6235","華孚","電腦及週邊設備業","501809","539727","468074","-7.025403583663593","7.2071937343240595","4183807","4165953","0.4285694053677514","-"
"114/09/07","114/8","6239","力成","半導體業","6875752","6392589","6326365","7.558174004304046","8.684086359228404","46822303","50511399","-7.303492029591182","去年上半年合併營收包含西安子公司，倘扣除則去年累計合併營收淨額為47,147,725仟元，增減百分比為-0.7%。"
"114/09/07","114/8","6243","迅杰","半導體業","47109","55211","62481","-14.674611943272174","-24.602679214481203","453984","477891","-5.0026051965824845","-"
"114/09/07","114/8","6257","矽格","半導體業","1609013","1590738","1510771","1.1488378350174573","6.502772425470174","12663290","11715747","8.08777280697509","-"
"114/09/07","114/8","6278","台表科","光電業","4174612","4161114","3702103","0.32438428747686315","12.763259152973324","33337605","29875349","11.589006039728607","-"
"114/09/07","114/8","6409","旭隼","其他電子業","1836914","1600815","2529635","14.748674893726008","-27.384227368770592","14137442","15838993","-10.742797853373633","-"
"114/09/07","114/8","6412","群電","電子零組件業","3073466","2909244","3532378","5.64483419060072","-12.991588102971992","23554814","23685960","-0.5536866565678571","-"
"114/09/07","114/8","6414","樺漢","電腦及週邊設備業","10825117","10576419","13068467","2.3514386107433904","-17.166129738093993","90560341","93865943","-3.521620189763608","-"
"114/09/07","114/8","6416","瑞祺電通","通信網路業","261836","260118","355111","0.6604694792363466","-26.266435002013456","2692401","2651141","1.5563110373986144","-"
"114/09/07","114/8","6438","迅得","其他電子業","529101","605495","413016","-12.61678461424124","28.106659306177","4321025","3363099","28.4834315017191","-"
"114/09/07","114/8","6443","元晶","光電業","86406","68671","408683","25.826040104265264","-78.8574518636694","1266134","3353826","-62.24807130721749","月營收相較同期減少，主要受政府綠能政策速度及市場淡旺季影響所致。"
"114/09/07","114/8","6446","藥華藥","生技醫療業","1274036","1301897","901338","-2.1400310470029504","41.34941609030131","9435700","5740862","64.36033473718756","本月及本年累計營收較去年成長，主要來自認列美國子公司PharmaEssentia USA Corp. 之營收。"
"114/09/07","114/8","6449","鈺邦","電子零組件業","382565","375297","306453","1.9365995464925112","24.83643495087338","2800497","2134958","31.173400132461623","-"
"114/09/07","114/8","6456","GIS-KY","光電業","6014042","5418015","6320888","11.000837022415036","-4.854476143225446","45657425","43139789","5.835995164464063","-"
"114/09/07","114/8","6491","晶碩","生技醫療業","631216","634991","568259","-0.5944966149126523","11.078927038551083","4486520","4444743","0.9399193609169304","-"
"114/09/07","114/8","6525","捷敏-KY","半導體業","466728","465294","395330","0.3081922397451934","18.060354640426986","3533457","3045872","16.00805943256972","-"
"114/09/07","114/8","6531","愛普*","半導體業","411017","451364","511445","-8.938905185172056","-19.636129007029105","3155757","2536296","24.423844850916456","-"
"114/09/07","114/8","6534","正瀚-創","生技醫療業","59881","50722","32467","18.057253262883954","84.43650475867804","1384735","1305865","6.03967485153519","本月營收較去年同期增加，主要為南美市場需求提升，推動本公司產品銷售成長。"
"114/09/07","114/8","6552","易華電","半導體業","105536","115968","163860","-8.995584988962472","-35.593799585011595","1042875","1417457","-26.426339564445342","-"
"114/09/07","114/8","6581","鋼聯","綠能環保","198822","182441","175113","8.978793144084937","13.539257508009115","1512947","1438046","5.208526013771465","-"
"114/09/07","114/8","6641","基士德-KY","綠能環保","137406","150620","145300","-8.773071305271545","-5.432897453544391","1127837","1176851","-4.164843297919617","-"
"114/09/07","114/8","6657","華安","生技醫療業","317","493","1050","-35.699797160243406","-69.80952380952381","4087","4698","-13.005534269902085","因勞務收入減少"
"114/09/07","114/8","6670","復盛應用","運動休閒","1845631","1891387","2581090","-2.4191770378034745","-28.494124575276338","18788844","17207918","9.187200915299574","-"
"114/09/07","114/8","6672","騰輝電子-KY","電子零組件業","345507","348652","318294","-0.9020455927400388","8.549642783087334","2819582","2864232","-1.5588821017291896","-"
"114/09/07","114/8","6674","鋐寶科技","通信網路業","36525","50358","105547","-27.469319671154533","-65.39456355936218","401233","590134","-32.00984861065453","客戶需求下降"
"114/09/07","114/8","6719","力智","半導體業","420800","359697","333221","16.987353244536372","26.28255722178374","2986727","2425222","23.15272581231739","-"
"114/09/07","114/8","6756","威鋒電子","半導體業","96034","103838","149810","-7.515553073056107","-35.89613510446566","1014678","1192133","-14.885503547003564","-"
"114/09/07","114/8","6768","志強-KY","運動休閒","1122141","1361442","1587600","-17.5770249485472","-29.31840513983371","13764637","11939979","15.281919675068105","-"
"114/09/07","114/8","6776","展碁國際","電子通路業","2293803","3561496","2059419","-35.59439628740282","11.381073982516428","18765407","15749768","19.14719632695542","-"
"114/09/07","114/8","6781","AES-KY","電子零組件業","1382568","1343696","773335","2.8929162548671723","78.7799595259493","10136828","5984518","69.38420103339985","本期收入及合併子公司收入較去年同期增加,故本月收入較去年同期增加"
"114/09/07","114/8","6792","詠業","通信網路業","113440","126166","117609","-10.086711158315236","-3.5447967417459547","914483","841084","8.726714573098524","-"
"114/09/07","114/8","6805","富世達","電子零組件業","1183461","1161773","601478","1.8668018623259448","96.75881744635714","7217165","4646539","55.3234568783346","較去年同期客戶需求增加"
"114/09/07","114/8","6838","台新藥","生技醫療業","0","0","0","","","5358","133128","-95.97530196502613","本月未認列收入"
"114/09/07","114/8","6885","全福生技","生技醫療業","429","402","33","6.7164179104477615","1200.0","2507","33","7496.969696969697","諮詢服務收入"
"114/09/07","114/8","6901","鑽石投資","其他","11225","-93569","98909","111.9964945655078","-88.65118442204451","-1049973","-897669","-16.966610187051128","營業收入為投資標的之評價損益(含已實現及未實現)，投資標的的股數及公允價值變動情形，請參考本公司網站投資人專區/財務資訊。"
"114/09/07","114/8","6906","現觀科","數位雲端","26001","20459","31617","27.088322987438293","-17.76259607173356","194758","196285","-0.7779504292228138","無"
"114/09/07","114/8","6955","邦睿生技-創","生技醫療業","25309","21735","21409","16.443524269611228","18.21663786258116","197860","140581","40.74448182898116","-"
"114/09/07","114/8","6962","奕力-KY","半導體業","1785854","1558273","1904671","14.604693786005404","-6.238190217628136","12591701","15366964","-18.05993038052279","-"
"114/09/07","114/8","7749","意騰-KY","半導體業","123984","145880","66204","-15.009596928982726","87.27569331158239","930997","447050","108.25343921261604","市場需求增加"
"114/09/07","114/8","8021","尖點","其他電子業","389729","360631","320210","8.068635253208958","21.710440023734424","2650511","2266273","16.95462108933919","-"
"114/09/07","114/8","8028","昇陽半導體","半導體業","402469","376959","310641","6.767314217196034","29.56081135458616","2905853","2188920","32.75281874166256","-"
"114/09/07","114/8","8039","台虹","電子零組件業","936162","901908","964565","3.797948349499062","-2.944643440307289","6827367","6834747","-0.1079776617920166","自結數尚未經會計師簽證，特此說明。"
"114/09/07","114/8","8046","南電","電子零組件業","3807312","3620679","3097645","5.154640883657458","22.909887995557916","25468942","21444235","18.76824703702417","-"
"114/09/07","114/8","8070","長華*","電子通路業","1622992","1670299","1524668","-2.832247400016404","6.448879362589102","12544225","11229606","11.706724171800863","-"
"114/09/07","114/8","8072","陞泰","電子通路業","99035","110701","80646","-10.538296853686958","22.802122857922278","794309","606313","31.00642737332038","-"
"114/09/07","114/8","8112","至上","電子通路業","15987240","17733894","15971747","-9.849241232636217","0.09700253829465243","136396413","161753817","-15.676541345543642","-"
"114/09/07","114/8","8114","振樺電","電腦及週邊設備業","1111647","1391728","1222483","-20.124693905705712","-9.066465545942153","14256039","7796350","82.85529767134621","主係O2O Solutions逐步回溫與Embedded Foundry需求強勁所致。"
"114/09/07","114/8","8163","達方","電腦及週邊設備業","2086248","2177145","1814221","-4.175054945812061","14.99414900389754","16649504","13893749","19.834495354709517","-"
"114/09/07","114/8","8215","明基材","光電業","1523905","1493790","1548109","2.0160129603224015","-1.5634558031766497","12017627","12094762","-0.6377554184199739","-"
"114/09/07","114/8","8261","富鼎","半導體業","294102","265518","296181","10.765371839197343","-0.7019356407061897","2093727","1885213","11.060500855871458","-"
"114/09/07","114/8","8271","宇瞻","半導體業","1006580","1053315","668693","-4.436944313904197","50.52946568903817","6821461","5111045","33.465093733277634","本月營收較去年同期增加係因出貨量增加及市場價格上漲所致"
"114/09/07","114/8","8367","建新國際","航運業","283477","279654","248393","1.3670464216496099","14.124391589134959","2135971","1874398","13.955040498335999","無"
"114/09/07","114/8","8374","羅昇","電機機械","399030","404637","399895","-1.3856864300595348","-0.2163067805298891","3112193","2116995","47.00993625398265","-"
"114/09/07","114/8","8404","百和興業-KY","其他","724820","602874","700656","20.22744387716173","3.4487680116919","5039983","4599093","9.586455416317957","-"
"114/09/07","114/8","8438","昶昕","綠能環保","334231","320800","296631","4.186720698254364","12.67568123358651","2452838","2237434","9.627278391228524","-"
"114/09/07","114/8","8466","美吉吉-KY","其他","243486","300572","387259","-18.992454386968845","-37.12579952951384","2263359","2404177","-5.857222658731033","-"
"114/09/07","114/8","8487","愛爾達-創","數位雲端","88782","88748","441364","0.03831072249515482","-79.88463037311607","714981","1114088","-35.82365127350802","月營收年增率-79.88%，主係去年同期轉播巴黎奧運所致。"
"114/09/07","114/8","8940","新天地","觀光餐旅","68874","72935","52898","-5.567971481456091","30.20151990623464","1046159","1101673","-5.03906331552103","-"
"114/09/07","114/8","9906","欣巴巴","建材營造","139028","37922","677289","266.61568482674966","-79.47286904113311","404630","2792499","-85.51011119431018","本月營收與去年同期之差異，主係本月為成屋入帳。"
"114/09/07","114/8","9925","新保","其他","680145","673543","669077","0.9801898319780623","1.6542191705887364","5342480","5229740","2.155747704474792","-"
"114/09/07","114/8","9933","中鼎","其他","6647166","6548038","9920706","1.513858044195834","-32.99704678275921","59643642","79348681","-24.833480218782718","-"
"114/09/07","114/8","9938","百和","其他","1487931","1273916","1565866","16.799773297454465","-4.9771180931190795","10601547","10158794","4.358322454417325","-"
